first_name,last_name,gender,birthday,email,phone
Kyle,Snell,male,1970-01-01,kyle.snell@example.com,415-555-1212
Kerrie,Yee,female,1970-01-01,kerrie.yee@example.com,415-555-1212
Kunal,Bhatt,male,1970-01-01,kunal.bhatt@example.com,415-555-1212
Kyrie,Kopczynski,female,1970-01-01,kyrie.kopczynski@example.com,415-555-1212
Lasse,Christiansen,male,1970-01-01,lasse.christiansen@example.com,415-555-1212
Mack,McConnell,male,1970-01-01,mack.mcconnell@example.com,415-555-1212
Matt,Freeman,male,1970-01-01,matt.freeman@example.com,415-555-1212
Ferdi,Cam,male,1970-01-01,ferdi.cam@example.com,415-555-1212
Elliot,Shu,male,1970-01-01,elliot.shu@example.com,415-555-1212
Daniela,Grossman,female,1970-01-01,daniela.grossman@example.com,415-555-1212
Daniel,Gamboa,male,1970-01-01,daniel.gamboa@example.com,415-555-1212
Drew,Kitch,male,1970-01-01,drew.kitch@example.com,415-555-1212
Claire,Pierce,female,1970-01-01,claire.pierce@example.com,415-555-1212
Brian,Lee,male,1970-01-01,brian.lee@example.com,415-555-1212
David,Ragone,male,1970-01-01,david.ragone@example.com,415-555-1212
Amy,Lai,female,1970-01-01,amy.lai@example.com,415-555-1212
Amiram,Kehaty,male,1970-01-01,amiram.kehaty@example.com,415-555-1212
Brian,Joyce,male,1970-01-01,brian.joyce@example.com,415-555-1212
Brent,Coughenour,male,1970-01-01,brent.coughenour@example.com,415-555-1212
Billy,Bonnefil,male,1970-01-01,billy.bonnefil@example.com,415-555-1212
Arne,Fostvedt,male,1970-01-01,arne.fostvedt@example.com,415-555-1212
Alan,Cohen,male,1970-01-01,alan.cohen@example.com,415-555-1212
Andrew,Fowler,male,1970-01-01,andrew.fowler@example.com,415-555-1212
Jeffrey,Matthias,male,1970-01-01,jeffrey.matthias@example.com,415-555-1212
Janet,Chang,female,1970-01-01,janet.chang@example.com,415-555-1212
Jake,Sendar,male,1970-01-01,jake.sendar@example.com,415-555-1212
Jeff,Smith,male,1970-01-01,jeff.smith@example.com,415-555-1212
Gvir,Aviv,male,1970-01-01,gvir.aviv@example.com,415-555-1212
Guillaume,Galuz,male,1970-01-01,guillaume.galuz@example.com,415-555-1212
Gene,Bang,male,1970-01-01,gene.bang@example.com,415-555-1212
Julie,Mao,female,1970-01-01,julie.mao@example.com,415-555-1212
Sarah,Sorelle,female,1970-01-01,sarah.sorelle@example.com,415-555-1212
Tom,Uebel,male,1970-01-01,tom.uebel@example.com,415-555-1212
Scott,Chiang,male,1970-01-01,scott.chiang@example.com,415-555-1212
Ricky,Choi,male,1970-01-01,ricky.choi@example.com,415-555-1212
Reed,Whitcraft,male,1970-01-01,reed.whitcraft@example.com,415-555-1212
Young,Cha,male,1970-01-01,young.cha@example.com,415-555-1212
Richard,VanBreemen,male,1970-01-01,richard.vanbreemen@example.com,415-555-1212
Michael,Casey,male,1970-01-01,michael.casey@example.com,415-555-1212
Matthew,Powers,male,1970-01-01,matthew.powers@example.com,415-555-1212
Murtaza,Ali,male,1970-01-01,murtaza.ali@example.com,415-555-1212
Nima,Mehanian,male,1970-01-01,nima.mehanian@example.com,415-555-1212
Mike,Riess,male,1970-01-01,mike.riess@example.com,415-555-1212
Michael,Wiggins,male,1970-01-01,michael.wiggins@example.com,415-555-1212
Phil,Moldavski,male,1970-01-01,phil.moldavski@example.com,415-555-1212
Laila,Winner,female,1970-01-01,laila.winner@example.com,415-555-1212
Johnathan,Lue,male,1970-01-01,johnathan.lue@example.com,415-555-1212
Kari,Weiler,female,1970-01-01,kari.weiler@example.com,415-555-1212
Karim,Bishay,male,1970-01-01,karim.bishay@example.com,415-555-1212
Jonathan,Pepin,male,1970-01-01,jonathan.pepin@example.com,415-555-1212
Keith,Strand,male,1970-01-01,keith.strand@example.com,415-555-1212
Kelsey,Schlarman,female,1970-01-01,kelsey.schlarman@example.com,415-555-1212
Joe,Landers,male,1970-01-01,joe.landers@example.com,415-555-1212
Jeremy,James,male,1970-01-01,jeremy.james@example.com,415-555-1212
